link,start_node,end_node,traffic_volume,vehicles_remain,free_travel_time,average_travel_time,stddiv_travel_time,delay_ratio,length
-1191414433,9042478734,3213093362,1350,5,10.5,12.770833333333334,5.087558012227259,1.2162698412698414,63
-237652077#2,5260601900,7806252248,1030,0,0.8571428571428571,4.970634920634921,1.0048292938608814,5.799074074074075,12
-237659844#6,1311619488,1362899971,1495,0,19.285714285714285,21.135416666666668,9.212171448826783,1.0959104938271607,270
-257568505#2,1362899971,5260292356,2550,0,4.0,5.264583333333333,1.3038920770566522,1.3161458333333333,56
-294085186#2,10896077231,1311770053,805,0,0.42857142857142855,14.32827380952381,21.4102961732048,33.43263888888889,6
-397481042#1,12884439748,1311619340,1255,0,0.6428571428571429,5.664980158730159,3.4272369798327134,8.812191358024691,9
-544164277#2,1311619340,5260292356,2075,0,3.857142857142857,5.421230158730158,1.5019460034791847,1.4055041152263372,54
-544617969,5260601900,1311619488,1355,0,3.2142857142857144,5.636904761904762,2.530749107099299,1.7537037037037035,45
-908375867#1,1311770053,5375631705,505,0,3.7142857142857144,5.057738095238095,0.744564344382116,1.3616987179487179,52
108166018,1311773884,8197554957,790,0,0.16666666666666666,4.973148148148149,0.35925329319215743,29.838888888888896,1
1083818630#0,30243367,30243366,3560,0,8.214285714285714,11.444196428571427,6.87945796862961,1.3932065217391303,115
1083818630#4,30243366,30237641,3270,0,8.5,9.136458333333334,3.021213876892954,1.0748774509803922,119
1094457471#0,30237697,12953119985,965,0,5.571428571428571,6.294246031746032,2.166211568795526,1.1297364672364674,78
1112801401#0,30247434,8214234926,1220,0,4.285714285714286,5.22420634920635,1.0483834843267612,1.2189814814814817,60
1185662990#0,30243323,cluster_301572306_301572951_71643537,2975,5,11.357142857142858,26.20193452380952,21.083599016212542,2.3070885744234797,159
1191414433,3213093362,9042478734,1030,0,10.5,24.211111111111112,40.70375547632606,2.3058201058201058,63
1243743574#0,6634825854,3213093362,1435,0,3.2857142857142856,6.013789682539683,3.791788296320252,1.830283816425121,46
1243743574#2,3213093362,8655000700,1745,0,4.642857142857143,5.155257936507937,0.8703443465326353,1.110363247863248,65
132556736,30238027,30243368,525,0,19.166666666666668,20.175925925925927,2.9671411513099577,1.0526570048309178,115
1387061746#0,cluster_301572399_301572961_71643538,cluster_301572306_301572951_71643537,420,0,19.833333333333332,21.051041666666666,3.146904538461536,1.0613970588235295,119
1408525896,cluster_301572306_301572951_71643537,6762205322,540,0,2.0,4.94375,0.4069225202664507,2.471875,16
1408525898#0,12944467681,30247434,750,0,4.428571428571429,5.278670634920634,1.169938919912446,1.1919578853046593,62
1408525899#0,30247434,11370726443,1555,0,4.642857142857143,10.117063492063492,9.443613658937949,2.179059829059829,65
1408687435#0,12884439757,359104405,535,0,0.8571428571428571,5.561904761904762,3.722548044764262,6.488888888888889,12
1408687438#0,30243323,30247434,2120,0,8.071428571428571,8.190674603174603,2.5021778039535145,1.0147738446411012,113
1409641100#0,6855299029,30243370,360,0,4.928571428571429,6.748809523809523,3.189187506264468,1.3693236714975843,69
1409641100#1,30243370,cluster_301572399_301572961_71643538,455,0,4.5,7.897569444444445,5.276463823555372,1.7550154320987654,63
1409641101#0,cluster_301572399_301572961_71643538,cluster_301572459_301572957_71643542,1350,0,14.625,16.906770833333333,4.075658410883432,1.1560185185185186,117
1409641101#4,cluster_301572459_301572957_71643542,cluster_301572460_301572949_71643543,1880,0,14.625,20.741927083333334,11.930875940744382,1.4182514245014246,117
1409641101#8,cluster_301572460_301572949_71643543,cluster_301572944_71643547_9803583623,2560,0,14.625,17.557118055555556,4.508004708442601,1.2004867046533714,117
1409649739#0,30237640,30237639,4545,0,8.571428571428571,11.131944444444445,8.486009225091742,1.298726851851852,120
1409649740#0,30237867,30237697,395,0,11.75,17.4703125,11.288788635663131,1.4868351063829786,94
1409649740#5,30237697,30237639,1595,0,14.25,17.018923611111113,7.077941419944414,1.1943104288499027,114
1409649743#0,30237635,30237637,5080,0,0.7857142857142857,6.245932539682539,4.256066153389192,7.949368686868687,11
1409652517#0,442540270,1311773884,2315,0,2.642857142857143,5.776736111111111,2.156243118646842,2.185792042042042,37
1409652518#1,1311773884,30237634,1680,0,2.142857142857143,5.55704365079365,1.843433831054922,2.5932870370370367,30
1409652519#0,30237635,30237634,1020,0,14.0,15.54861111111111,3.5440283520136435,1.1106150793650793,112
1409652521#0,12953119985,30237698,1315,0,3.0,5.1305555555555555,1.0032778070029713,1.7101851851851853,42
1409652522#0,30237698,12953119988,1345,0,5.071428571428571,5.73110119047619,1.950873396029118,1.1300762910798121,71
1422093911#0,12884439746,442540300,490,0,0.8571428571428571,13.013988095238094,14.28614840300219,15.182986111111111,12
165842957#0,1311619488,30247431,3225,0,0.07142857142857142,6.732787698412698,5.779465314909609,94.25902777777779,1
170079040#0,1812294093,30247431,1280,0,5.25,6.8043402777777775,4.540533908680531,1.2960648148148148,42
237522635#0,30247431,1311619368,1350,0,8.125,8.563368055555555,5.9256459982418415,1.0539529914529915,65
237522639#0,30247431,30237617,3495,0,1.2142857142857142,8.409623015873017,12.392357765184634,6.925571895424838,17
237652077#0,7806252248,5260601900,1085,0,0.8571428571428571,4.945337301587301,1.0696292164128918,5.769560185185185,12
237659844#0,1362899971,1311619488,3510,0,19.285714285714285,18.907242063492063,4.949959199689778,0.9803755144032922,270
237667614#0,30237634,30237633,475,0,14.375,14.01171875,3.1880996572206866,0.9747282608695652,115
237914520#0,30237615,30237635,6020,0,8.785714285714286,11.34330357142857,6.177447640640568,1.2911077235772357,123
237914522#0,30237696,30237772,2365,0,8.0,8.764583333333333,3.0305382898734154,1.0955729166666666,112
237914526#0,30237614,30237615,2875,0,8.071428571428571,12.417410714285714,9.401928416542773,1.5384402654867255,113
237914527#0,30237615,30237616,2595,0,8.5,12.213194444444444,8.71584800591379,1.4368464052287582,119
237914527#3,30237616,30237617,2290,0,8.428571428571429,11.917063492063491,12.145604646891778,1.4138888888888888,118
237960945#0,30237772,30247089,1310,0,8.285714285714286,8.942361111111111,2.8803093109493676,1.079250478927203,116
237960945#5,30247089,8264714837,680,0,4.785714285714286,4.993799603174603,0.13926726202504086,1.0434805140961856,67
237960947#0,cluster_30237612_6670690974,30237613,385,0,8.571428571428571,12.514384920634921,6.682947169473712,1.4600115740740742,120
237960949#0,cluster_30237612_6670690974,30247089,95,0,8.428571428571429,11.779365079365078,3.9767449633972336,1.3975517890772127,118
237960949#4,30247089,8097436674,735,0,4.357142857142857,4.993551587301588,0.20806329343121582,1.14606102003643,61
238324877#0,30237698,4823547657,1295,0,11.25,11.526909722222221,2.346487438152073,1.024614197530864,90
238324880,cluster_301572306_301572951_71643537,6762205324,685,0,1.1428571428571428,5.034027777777778,0.8168202280445073,4.404774305555557,16
238324885#0,6762205335,30243322,460,0,1.5,5.803819444444445,2.792391571685804,3.8692129629629632,21
238324885#2,30243322,30243323,1200,0,8.285714285714286,10.48482142857143,7.019374854819051,1.2654094827586206,116
238866887#0,30237638,30237615,5550,0,8.142857142857142,11.256349206349206,7.180846551295166,1.3823586744639378,114
238866888#0,30237617,30247432,6070,0,8.285714285714286,12.570436507936508,11.141464307126174,1.5171216475095783,116
238866888#4,30247432,30247433,4200,0,8.5,10.809027777777779,6.045543735246976,1.2716503267973858,119
238866891#0,30237638,30237696,2755,0,8.071428571428571,9.584573412698413,5.027319156278924,1.187469272369715,113
240299472#0,cluster_301572944_71643547_9803583623,cluster_301572460_301572949_71643543,410,0,14.75,16.21875,2.8001852307282977,1.0995762711864407,118
240299472#4,cluster_301572460_301572949_71643543,cluster_301572459_301572957_71643542,1690,0,14.625,17.808506944444446,5.429318688069291,1.2176756885090219,117
240299472#8,cluster_301572459_301572957_71643542,cluster_301572399_301572961_71643538,1655,0,14.625,16.513975694444444,3.2888882645614994,1.1291607312440646,117
243716769#0,30237614,30237696,1650,0,8.142857142857142,9.362103174603176,2.9519927353461437,1.1497319688109164,114
257568501#0,359104407,6634825854,2235,0,0.07142857142857142,8.03923611111111,8.596223747095266,112.54930555555555,1
257568505#0,5260292356,1362899971,2290,0,4.0,6.052777777777778,4.053289892250156,1.5131944444444445,56
284386839,11861295890,1311619368,395,0,0.5714285714285714,7.481547619047619,6.741766599286251,13.092708333333334,8
293858815,30238026,30243367,3935,0,8.357142857142858,9.926140873015873,7.357546734522068,1.1877433523266856,117
294085168,442540240,1311770053,880,0,0.125,13.016145833333333,18.283749821664937,104.12916666666666,1
294085176#0,30238026,30238025,2520,0,14.375,17.38237847222222,5.626253701567115,1.2092089371980677,115
294085176#3,30238025,30237640,2710,0,15.0,16.086805555555557,2.658078528221346,1.0724537037037039,120
294085184,442540240,2989836095,110,0,0.6666666666666666,4.599768518518519,1.2546518166344895,6.899652777777779,2
294085186#0,1311770053,10896077231,505,0,0.42857142857142855,4.956448412698412,0.5448840341920793,11.565046296296297,6
295124095#0,8210106342,30237641,550,0,2.357142857142857,5.441021825396826,1.567610406184545,2.3083122895622896,33
295281240,4173395797,442540240,270,0,0.625,8.610677083333334,9.418121945617948,13.777083333333334,5
295281241#0,30238029,cluster_301572459_301572957_71643542,3105,0,19.375,25.91840277777778,11.61874756668401,1.3377240143369176,155
295281241#6,cluster_301572459_301572957_71643542,30238027,2505,0,9.0,10.043055555555556,4.624461722096508,1.1158950617283951,72
295281241#9,30238027,30238026,2140,0,9.0,10.600694444444445,3.5015273756164405,1.177854938271605,72
295281242,2989836087,30238029,880,0,0.3333333333333333,8.815509259259258,10.08887926241162,26.446527777777774,1
295281481#0,30243367,30243323,3660,0,8.5,11.549305555555556,15.245832748145101,1.3587418300653595,119
303746218#0,cluster_301572944_71643547_9803583623,9803583625,490,0,2.625,4.868055555555555,0.5440208811578857,1.8544973544973544,21
31029328#0,30237639,30237638,3900,0,8.428571428571429,10.676091269841269,7.1959751777024445,1.2666548964218454,118
397481042#0,1311619340,12884439748,1025,0,0.6428571428571429,5.702728174603175,5.4467653094267705,8.87091049382716,9
422533866,4222882539,4897232219,125,0,0.875,4.6734375,1.1137446952034158,5.341071428571429,7
43802774,11370726443,5761245141,975,0,1.0,4.913888888888889,0.5805422646006526,4.913888888888889,6
43802775,11370726443,555187275,820,0,25.333333333333332,30.462731481481477,8.725379821694645,1.2024762426900584,76
43811853,30243370,8235449359,75,0,0.16666666666666666,4.862384259259259,0.8038685556818088,29.174305555555556,1
450280362#0,1311619340,442540270,3700,0,0.07142857142857142,5.979464285714286,2.746750666784639,83.7125,1
450280363#0,442540300,1311619340,2830,0,0.07142857142857142,5.847371031746032,3.298136912075284,81.86319444444446,1
4744966#0,30237613,30237633,590,0,8.785714285714286,9.083531746031746,1.8875568344857747,1.0338979223125564,123
4744972#0,6434214256,30237867,390,0,7.642857142857143,11.096081349206349,3.0587753079523132,1.4518237279335409,107
4744972#3,30237867,30237772,370,0,8.714285714285714,10.27063492063492,2.818664397304314,1.1785974499089253,122
4746923#0,30237639,30247167,2220,0,14.75,17.890104166666667,7.080780004721261,1.212888418079096,118
4746923#3,30247167,30247433,2545,5,14.5,17.052083333333332,5.921277179587188,1.1760057471264367,116
4751998#2,cluster_301572944_71643547_9803583623,30247432,2470,0,10.571428571428571,13.256051587301588,7.730986584585107,1.2539508258258258,148
4751998#6,30247432,30247166,4510,0,8.357142857142858,15.73546626984127,12.65772828180272,1.8828763057929723,117
4751998#9,30247166,30237638,4445,0,8.428571428571429,10.76607142857143,5.436591786950396,1.2773305084745763,118
490175814#0,30237640,30237698,1275,0,14.0,14.79861111111111,2.5085405814467965,1.0570436507936507,112
498269278#0,4897232218,359104407,995,0,20.125,31.036284722222224,17.114988666802166,1.5421756383712906,161
50934034,6634825854,8173291489,975,0,2.3333333333333335,5.425,3.536636951388413,2.3249999999999997,14
526213091#0,30237641,8193762124,945,0,4.142857142857143,5.697619047619047,1.7504793642128853,1.3752873563218388,58
526213093#0,30237641,30237640,3150,0,8.142857142857142,9.607440476190476,4.58285015039681,1.1798611111111112,114
536376961#0,30237637,1812294093,1075,0,28.5,31.799652777777776,12.583580290799286,1.115777290448343,228
536376965#0,30237637,1362899971,5935,0,0.07142857142857142,7.4245535714285715,6.107915122129391,103.94375000000001,1
536376968#0,12884439749,442540270,325,0,2.0,5.3069444444444445,1.5294176804777775,2.6534722222222222,16
542781427#0,30237772,30237613,1600,0,8.214285714285714,9.033730158730158,3.2417690167599376,1.0997584541062801,115
542781428#0,30237613,30237614,1880,0,7.928571428571429,10.838938492063491,6.0073613979048766,1.3670733233233232,111
544164277#0,5260292356,1311619340,2495,0,3.857142857142857,5.765376984126984,2.6493667577920195,1.4947273662551441,54
544200294#0,1311619488,5260601900,1240,0,3.2142857142857144,5.089037698412699,0.8939229405466218,1.5832561728395063,45
544215269#0,1362899971,359104407,3715,0,0.07142857142857142,10.188194444444445,10.832662502759849,142.63472222222225,1
658706630#0,12884439756,359104405,345,0,1.625,4.96953125,0.3192235682455754,3.058173076923077,13
671282474#0,30238029,8235926364,415,0,37.0,37.41041666666667,2.82970892569654,1.0110923423423424,111
673080415#0,cluster_301572306_301572951_71643537,cluster_301572399_301572961_71643538,2225,5,14.875,18.181163194444444,4.257591640940505,1.2222630718954248,119
675395642#0,359104405,1311619488,1035,0,0.07142857142857142,6.698908730158731,3.5798973321735605,93.78472222222224,1
675395643#0,359104405,4222882539,215,0,13.75,12.428819444444445,3.6110439196473245,0.9039141414141414,110
675395643#4,4222882539,4897232218,625,0,0.125,7.175086805555556,9.487432178946191,57.40069444444445,1
74387522,555187275,6985826711,1485,0,1.6666666666666667,4.928240740740741,0.48378522050054384,2.956944444444445,5
749104302,7005287334,cluster_301572944_71643547_9803583623,500,0,2.25,4.897569444444445,1.0258859629931378,2.176697530864198,18
86301093#0,30237616,30247166,605,0,38.666666666666664,43.97638888888889,13.617795340026206,1.1373204022988508,116
86301093#14,30243366,30243322,1075,0,40.333333333333336,41.92037037037037,2.7973176942526345,1.039348025711662,121
86301093#20,30243322,555187275,450,0,19.333333333333332,21.12986111111111,6.335820928069364,1.0929238505747128,58
86301093#3,30247166,30247167,1070,0,39.666666666666664,43.584722222222226,12.049521579432515,1.0987745098039217,119
86301093#6,30247167,30238025,825,0,40.0,41.96875,3.5299899423448156,1.04921875,120
86301093#9,30238025,30243366,720,5,38.666666666666664,41.610416666666666,5.822317599873465,1.0761314655172414,116
878570268#0,8173291489,9223593605,1150,0,11.25,11.555555555555555,2.738207741535048,1.0271604938271606,90
891567020#0,30237696,30237697,2150,0,14.75,17.11111111111111,8.88031813362117,1.1600753295668549,118
903019486#0,30247433,cluster_301572460_301572949_71643543,2800,0,18.75,25.044270833333332,14.612292443026801,1.3356944444444443,150
903019486#5,cluster_301572460_301572949_71643543,6874436644,970,0,19.625,19.02170138888889,2.3933107127524935,0.969258669497523,157
903019487#0,30247433,30238026,3935,0,8.357142857142858,10.034920634920635,5.632287362585849,1.2007597340930674,117
905204606,1311619368,8126691012,1755,0,1.5,4.982986111111111,0.24343200014786,3.3219907407407407,12
905205417#0,442540270,30237637,1660,0,15.625,17.459635416666668,4.772294222005234,1.1174166666666667,125
905205418#0,359104407,442540300,2410,0,15.875,18.637586805555557,3.625943362801269,1.174021216097988,127
908375867#0,5375631705,1311770053,725,0,3.7142857142857144,8.039484126984128,12.118522533543706,2.164476495726496,52
908375870,8224714481,2989836087,365,0,36.666666666666664,53.0787037037037,29.12147255465827,1.4476010101010102,110
908375871,1311770053,30238029,1850,0,0.25,14.933506944444444,17.36189945345544,59.734027777777776,2
908375872#2,cluster_301572399_301572961_71643538,30243368,2590,0,5.214285714285714,5.771230158730158,2.2391230454770894,1.1068112633181124,73
908375872#4,30243368,30243367,3275,0,5.214285714285714,6.549156746031746,3.615207372421683,1.2560026636225265,73
908375875,3236553576,442540240,295,0,25.666666666666668,41.186342592592595,30.63684261152931,1.6046626984126984,77
98002400#0,30237634,30237614,2240,0,8.714285714285714,8.821825396825398,6.50005449664152,1.0123406193078326,122
